{
  "Fold 1": 1.1469900196775846,
  "Fold 2": 1.078814226740941,
  "Fold 3": 1.1102623279113646,
  "Fold 4": 1.2483244889557246,
  "Fold 5": 1.305365808428793,
  "Overall": 1.1778277065650609
}