{
  "Fold 1": 0.708541621386655,
  "Fold 2": 0.777163305139883,
  "Fold 3": 0.7927624429471853,
  "Fold 4": 0.7876091522051508,
  "Fold 5": 0.7509671714380458,
  "Overall": 0.7635009840367374
}