{
  "Fold 1": 2.1178542542970176,
  "Fold 2": 2.2477803094155075,
  "Fold 3": 1.7845364841309168,
  "Fold 4": 2.298697779804084,
  "Fold 5": 2.169021731040035,
  "Overall": 2.123571577653676
}