{
  "Fold 1": 2.1886945774255055,
  "Fold 2": 2.3224290177611233,
  "Fold 3": 1.770663052379304,
  "Fold 4": 2.3670087164574807,
  "Fold 5": 2.096580418682849,
  "Overall": 2.149120384190664
}