{
  "Fold 1": 2.210407574563253,
  "Fold 2": 2.2582191945603474,
  "Fold 3": 1.8200237675944888,
  "Fold 4": 2.3627066936744208,
  "Fold 5": 2.0989788773114806,
  "Overall": 2.1501361032223305
}