{
  "Fold 1": 0.7715307947866087,
  "Fold 2": 0.7274305555555555,
  "Fold 3": 0.7461027344748274,
  "Fold 4": 0.6813271604938271,
  "Fold 5": 0.7718030690537083,
  "Overall": 0.7395133327196293
}