{
  "Fold 1": 0.7404368615518365,
  "Fold 2": 0.7945131207980916,
  "Fold 3": 0.8069984785916107,
  "Fold 4": 0.7906488338675803,
  "Fold 5": 0.7931911130761579,
  "Overall": 0.7869647933522851
}