{
  "Fold 1": 0.7289164324048044,
  "Fold 2": 0.7254789272030652,
  "Fold 3": 0.6743295019157088,
  "Fold 4": 0.6568894068894068,
  "Fold 5": 0.7209450830140486,
  "Overall": 0.7003562047078304
}