{
  "Fold 1": 0.7020038784744668,
  "Fold 2": 0.7015286124902013,
  "Fold 3": 0.7038923719958203,
  "Fold 4": 0.6553716837404779,
  "Fold 5": 0.6607796964939822,
  "Overall": 0.6836713943059756
}