{
  "Fold 1": 0.8450012281994596,
  "Fold 2": 0.8088785046728972,
  "Fold 3": 0.7467532467532467,
  "Fold 4": 0.7798165137614679,
  "Fold 5": 0.7309292649098473,
  "Overall": 0.782280103281253
}