{
  "Fold 1": 0.7258204738100412,
  "Fold 2": 0.7426805465191932,
  "Fold 3": 0.7652684199087155,
  "Fold 4": 0.7788217088537637,
  "Fold 5": 0.691389410854427,
  "Overall": 0.737424010496392
}