{
  "Fold 1": 0.691668796319959,
  "Fold 2": 0.6516203703703703,
  "Fold 3": 0.6961410682340915,
  "Fold 4": 0.6308513374485596,
  "Fold 5": 0.7198209718670077,
  "Overall": 0.6802627676005197
}