{
  "Fold 1": 2.223788878800489,
  "Fold 2": 2.2753839264961186,
  "Fold 3": 1.7473972957882746,
  "Fold 4": 2.2435047909328723,
  "Fold 5": 2.1498159898156897,
  "Overall": 2.1280875493146727
}