{
  "Fold 1": 0.7672915319974143,
  "Fold 2": 0.7687483668669977,
  "Fold 3": 0.7923197492163009,
  "Fold 4": 0.7395587076438142,
  "Fold 5": 0.7375719518576662,
  "Overall": 0.760678902909584
}