{
  "Fold 1": 2.1559515395681057,
  "Fold 2": 2.3318626578588013,
  "Fold 3": 1.8573576476043523,
  "Fold 4": 2.394227425447938,
  "Fold 5": 2.214495914719533,
  "Overall": 2.1907392796225413
}