{
  "Fold 1": 0.7235383612258205,
  "Fold 2": 0.7529819995662547,
  "Fold 3": 0.7927624429471853,
  "Fold 4": 0.7908146346855311,
  "Fold 5": 0.7485906930474191,
  "Overall": 0.7601093374152635
}