{
  "Fold 1": 0.7504472271914133,
  "Fold 2": 0.7286522633744855,
  "Fold 3": 0.7266802964477382,
  "Fold 4": 0.6586934156378601,
  "Fold 5": 0.760230179028133,
  "Overall": 0.7244213282600469
}