id,success_prob
0,0.018896214400852658
1,0.48507222146571793
2,0.3737204433302809
3,0.4919930900265922
4,0.2167167199881778
5,0.8256950058200706
6,0.6498007610683969
7,0.19154966379585275
8,0.3962501104726323
9,0.6858602070988996
10,0.19043637884009051
11,0.8362356366403846
