{
  "Fold 1": 0.8300719657152098,
  "Fold 2": 0.8095070422535212,
  "Fold 3": 0.7619643415702221,
  "Fold 4": 0.8272863568215891,
  "Fold 5": 0.7563113604488079,
  "Overall": 0.794204953327032
}