{
  "Fold 1": 2.205691811654373,
  "Fold 2": 2.420867431209536,
  "Fold 3": 1.848914676758881,
  "Fold 4": 2.414930034210491,
  "Fold 5": 2.1088847752927724,
  "Overall": 2.19986440571771
}