{
  "Fold 1": 0.7460388448760542,
  "Fold 2": 0.7087484035759899,
  "Fold 3": 0.6652618135376757,
  "Fold 4": 0.6022403522403522,
  "Fold 5": 0.7053639846743296,
  "Overall": 0.6841915635189142
}