{
  "Fold 1": 0.8674606223588168,
  "Fold 2": 0.7791116446578631,
  "Fold 3": 0.774885496183206,
  "Fold 4": 0.8039959336878324,
  "Fold 5": 0.7685028465917834,
  "Overall": 0.7987972306242871
}