{
  "Fold 1": 0.7448009506833037,
  "Fold 2": 0.764702380952381,
  "Fold 3": 0.6713356973995273,
  "Fold 4": 0.686554820415879,
  "Fold 5": 0.7225437010247138,
  "Overall": 0.7152908156492386
}