{
  "Fold 1": 0.729619217991311,
  "Fold 2": 0.713670267489712,
  "Fold 3": 0.6880270891898799,
  "Fold 4": 0.682227366255144,
  "Fold 5": 0.761381074168798,
  "Overall": 0.7133337424693403
}