{
  "Fold 1": 0.6982721147576614,
  "Fold 2": 0.7620906527868142,
  "Fold 3": 0.7676592045207564,
  "Fold 4": 0.7783795733392285,
  "Fold 5": 0.7058140820161379,
  "Overall": 0.7444915810190247
}