{
  "Fold 1": 0.7510019392372334,
  "Fold 2": 0.7241964985628431,
  "Fold 3": 0.7093782654127483,
  "Fold 4": 0.7047543997898608,
  "Fold 5": 0.7090528519099948,
  "Overall": 0.7169673584315361
}