{
  "Fold 1": 0.7679144385026738,
  "Fold 2": 0.7811904761904762,
  "Fold 3": 0.6958037825059101,
  "Fold 4": 0.6934664461247637,
  "Fold 5": 0.752983725135624,
  "Overall": 0.7351842369763516
}