{
  "Fold 1": 2.1612532394017974,
  "Fold 2": 2.2162393249519847,
  "Fold 3": 1.8795332668007587,
  "Fold 4": 2.4091296284197097,
  "Fold 5": 2.1411241007827546,
  "Overall": 2.161455680709906
}