{
  "Fold 1": 0.7079657498702647,
  "Fold 2": 0.764306245100601,
  "Fold 3": 0.6540621734587253,
  "Fold 4": 0.6291481578259732,
  "Fold 5": 0.6603921568627451,
  "Overall": 0.6840077171759308
}