{
  "Fold 1": 0.8387731919727376,
  "Fold 2": 0.721916176580064,
  "Fold 3": 0.8069058641975309,
  "Fold 4": 0.7912138374406859,
  "Fold 5": 0.8154942389326865,
  "Overall": 0.7968732460172265
}