{
  "Fold 1": 0.6825325836953744,
  "Fold 2": 0.6986590038314175,
  "Fold 3": 0.6617496807151979,
  "Fold 4": 0.6784511784511784,
  "Fold 5": 0.7218390804597701,
  "Overall": 0.6856020728354303
}