{
  "Fold 1": 0.7329659912311886,
  "Fold 2": 0.6701998050682261,
  "Fold 3": 0.7736250739207569,
  "Fold 4": 0.7027107007575757,
  "Fold 5": 0.7407738095238094,
  "Overall": 0.7225421294887401
}