{
  "Fold 1": 0.8395051546391752,
  "Fold 2": 0.7504960317460317,
  "Fold 3": 0.8125854993160055,
  "Fold 4": 0.7724085494635465,
  "Fold 5": 0.7286504895700298,
  "Overall": 0.781397533763946
}