{
  "Fold 1": 0.7301504929942917,
  "Fold 2": 0.7612359550561797,
  "Fold 3": 0.6362330198537096,
  "Fold 4": 0.6004050169845832,
  "Fold 5": 0.6769934640522876,
  "Overall": 0.6884815934925435
}