{
  "Fold 1": 0.8185383244206773,
  "Fold 2": 0.8161616161616162,
  "Fold 3": 0.7051783386657187,
  "Fold 4": 0.7573286052009457,
  "Fold 5": 0.7317275747508305,
  "Overall": 0.7671088011153739
}