{
  "Fold 1": 0.7018745959922431,
  "Fold 2": 0.7551607002874314,
  "Fold 3": 0.7257053291536051,
  "Fold 4": 0.6711321250328341,
  "Fold 5": 0.684981684981685,
  "Overall": 0.7073208885180936
}