{
  "Fold 1": 0.6994633273703041,
  "Fold 2": 0.6945721583652618,
  "Fold 3": 0.6542784163473818,
  "Fold 4": 0.6662134162134161,
  "Fold 5": 0.7495530012771393,
  "Overall": 0.6922585524903666
}