{
  "Fold 1": 0.7521091113610799,
  "Fold 2": 0.7699852643212378,
  "Fold 3": 0.766341276677194,
  "Fold 4": 0.8243256843800322,
  "Fold 5": 0.7889545454545455,
  "Overall": 0.7717908524961278
}