{
  "Fold 1": 0.7510019392372334,
  "Fold 2": 0.7380454664227856,
  "Fold 3": 0.7093782654127483,
  "Fold 4": 0.703966377725243,
  "Fold 5": 0.7090528519099948,
  "Overall": 0.7200594431118991
}