{
  "Fold 1": 0.7645765998707176,
  "Fold 2": 0.7430101907499347,
  "Fold 3": 0.7830459770114944,
  "Fold 4": 0.7106645652744943,
  "Fold 5": 0.7196493982208269,
  "Overall": 0.7457555532380853
}