{
  "Fold 1": 0.7494249936110401,
  "Fold 2": 0.7717335390946501,
  "Fold 3": 0.759008433427038,
  "Fold 4": 0.7015817901234568,
  "Fold 5": 0.7725063938618925,
  "Overall": 0.7457040719261099
}