{
  "Fold 1": 2.1940196411816117,
  "Fold 2": 2.2818790617329836,
  "Fold 3": 1.7814122589546952,
  "Fold 4": 2.302145080800499,
  "Fold 5": 2.074091355534458,
  "Overall": 2.1267863177248003
}