{
  "Fold 1": 0.7152056277056277,
  "Fold 2": 0.7602409638554217,
  "Fold 3": 0.7608387799564271,
  "Fold 4": 0.7771763392857143,
  "Fold 5": 0.704138155751059,
  "Overall": 0.7430200885257063
}