{
  "Fold 1": 2.159150378001144,
  "Fold 2": 2.370464809799884,
  "Fold 3": 1.8325018947496738,
  "Fold 4": 2.3940743781526437,
  "Fold 5": 2.0473773533653654,
  "Overall": 2.160711978127883
}