{
  "Fold 1": 0.7508726567550097,
  "Fold 2": 0.7380454664227856,
  "Fold 3": 0.7093782654127483,
  "Fold 4": 0.7012083004990806,
  "Fold 5": 0.7089220303506018,
  "Overall": 0.7200698717280217
}