{
  "Fold 1": 0.7469941822883,
  "Fold 2": 0.7465377580350144,
  "Fold 3": 0.7856583072100314,
  "Fold 4": 0.7223535592329918,
  "Fold 5": 0.7350863422291993,
  "Overall": 0.747246845343623
}