{
  "Fold 1": 0.7929687499999999,
  "Fold 2": 0.8015167673895011,
  "Fold 3": 0.7388941398865785,
  "Fold 4": 0.7329390892962745,
  "Fold 5": 0.6897672220252865,
  "Overall": 0.7524261289239946
}