{
  "Fold 1": 0.7656529516994632,
  "Fold 2": 0.7622170781893004,
  "Fold 3": 0.7372859698441094,
  "Fold 4": 0.7064043209876544,
  "Fold 5": 0.7485294117647059,
  "Overall": 0.7407330694406087
}