{
  "Fold 1": 0.7440582673140813,
  "Fold 2": 0.7467849794238682,
  "Fold 3": 0.7471249680552006,
  "Fold 4": 0.7038323045267488,
  "Fold 5": 0.767774936061381,
  "Overall": 0.7394315055182219
}