{
  "Fold 1": 0.725402504472272,
  "Fold 2": 0.723882503192848,
  "Fold 3": 0.6536398467432949,
  "Fold 4": 0.6185573685573685,
  "Fold 5": 0.7280970625798212,
  "Overall": 0.6893532099308033
}