{
  "Fold 1": 0.7634130575307047,
  "Fold 2": 0.7495427227593416,
  "Fold 3": 0.7772988505747127,
  "Fold 4": 0.7457315471499868,
  "Fold 5": 0.7065672422815279,
  "Overall": 0.7491813536343728
}