{
  "Fold 1": 0.7535139279325327,
  "Fold 2": 0.7196679438058748,
  "Fold 3": 0.6754789272030652,
  "Fold 4": 0.6493783993783994,
  "Fold 5": 0.7224776500638569,
  "Overall": 0.7013629812851989
}