{
  "Fold 1": 0.7111829347123465,
  "Fold 2": 0.6937548993990071,
  "Fold 3": 0.7100313479623824,
  "Fold 4": 0.6305489887050171,
  "Fold 5": 0.6616954474097331,
  "Overall": 0.6792522682240066
}