{
  "Fold 1": 1.1694891773765763,
  "Fold 2": 1.604889457485431,
  "Fold 3": 1.0119418297854623,
  "Fold 4": 1.3641546422626518,
  "Fold 5": 1.4323871423637426,
  "Overall": 1.316572449854773
}