{
  "Fold 1": 2.1978088258204993,
  "Fold 2": 2.282803076252302,
  "Fold 3": 1.7805777524774866,
  "Fold 4": 2.351945853416371,
  "Fold 5": 2.1167691649405413,
  "Overall": 2.146040098840845
}