{
  "Fold 1": 0.7510019392372334,
  "Fold 2": 0.7380454664227856,
  "Fold 3": 0.7200888192267503,
  "Fold 4": 0.7047543997898608,
  "Fold 5": 0.7090528519099948,
  "Overall": 0.719960371258734
}