{
  "Fold 1": 1.2397242345209853,
  "Fold 2": 1.8336788509622257,
  "Fold 3": 0.9688082527531868,
  "Fold 4": 1.2866112833721965,
  "Fold 5": 1.2947179099021118,
  "Overall": 1.3247081063021413
}