{
  "Fold 1": 0.8064759036144578,
  "Fold 2": 0.8149796069707083,
  "Fold 3": 0.7852631578947368,
  "Fold 4": 0.7755439005439005,
  "Fold 5": 0.7525,
  "Overall": 0.7861446794539355
}