{
  "Fold 1": 0.7523639151546128,
  "Fold 2": 0.757088122605364,
  "Fold 3": 0.6252873563218391,
  "Fold 4": 0.5643615643615644,
  "Fold 5": 0.750191570881226,
  "Overall": 0.7025000766581151
}