{
  "Fold 1": 0.7712992889463478,
  "Fold 2": 0.7754115495165926,
  "Fold 3": 0.7912748171368861,
  "Fold 4": 0.7306277909114788,
  "Fold 5": 0.7450287807430664,
  "Overall": 0.7633382000208572
}