{
  "Fold 1": 0.7291893066724626,
  "Fold 2": 0.7526566905226632,
  "Fold 3": 0.7658117800478158,
  "Fold 4": 0.7778269039460595,
  "Fold 5": 0.6793964850226594,
  "Overall": 0.7457270938115024
}