{
  "Fold 1": 0.7210580117556862,
  "Fold 2": 0.7146347736625513,
  "Fold 3": 0.7325581395348838,
  "Fold 4": 0.7089763374485596,
  "Fold 5": 0.7641943734015345,
  "Overall": 0.7272136815080753
}