{
  "Fold 1": 0.7547237076648843,
  "Fold 2": 0.7605952380952381,
  "Fold 3": 0.6862884160756502,
  "Fold 4": 0.6713137996219282,
  "Fold 5": 0.7022302591922845,
  "Overall": 0.7125125637670441
}