{
  "Fold 1": 0.7435035552682612,
  "Fold 2": 0.7513718317219754,
  "Fold 3": 0.7323667711598746,
  "Fold 4": 0.6769109535066982,
  "Fold 5": 0.7053898482469911,
  "Overall": 0.7191677964334133
}