{
  "Fold 1": 0.7434946236559139,
  "Fold 2": 0.7930956166250284,
  "Fold 3": 0.7736391238343092,
  "Fold 4": 0.7277901785714286,
  "Fold 5": 0.7536656891495601,
  "Overall": 0.7536130251844625
}