{
  "Fold 1": 0.7119104542490763,
  "Fold 2": 0.7728258512253307,
  "Fold 3": 0.7923277548359051,
  "Fold 4": 0.7888250248701226,
  "Fold 5": 0.7453852105670388,
  "Overall": 0.7628821342663459
}