{
  "Fold 1": 0.7363930187459599,
  "Fold 2": 0.7400052260256075,
  "Fold 3": 0.7040229885057471,
  "Fold 4": 0.6664039926451274,
  "Fold 5": 0.695970695970696,
  "Overall": 0.7075190322244238
}