{
  "Fold 1": 0.7168412982366471,
  "Fold 2": 0.723315329218107,
  "Fold 3": 0.7065550728341427,
  "Fold 4": 0.6583719135802468,
  "Fold 5": 0.7429667519181585,
  "Overall": 0.7068668364581097
}