{
  "Fold 1": 0.7096523092890502,
  "Fold 2": 0.7729291873530181,
  "Fold 3": 0.6445924764890283,
  "Fold 4": 0.6486804285340998,
  "Fold 5": 0.6667973856209151,
  "Overall": 0.6879393054541662
}