id,success_prob
0,0.017937502142841993
1,0.8126310272945332
2,0.6648528081478524
3,0.2652534128519165
4,0.547405707132738
5,0.6225199953246554
6,0.3055432894026941
7,0.3762440173429053
8,0.23640669293931657
9,0.3208551366519517
10,0.2871982094891858
11,0.4419893147650035
