{
  "Fold 1": 0.7400971121901354,
  "Fold 2": 0.7347381864623244,
  "Fold 3": 0.6510855683269476,
  "Fold 4": 0.6532634032634032,
  "Fold 5": 0.7448275862068966,
  "Overall": 0.7050834551345606
}