{
  "Fold 1": 0.8719940084474058,
  "Fold 2": 0.9228422654066768,
  "Fold 3": 1.1947138025226114,
  "Fold 4": 1.3644990029968942,
  "Fold 5": 1.1480256774124187,
  "Overall": 1.1000640493443576
}