{
  "Fold 1": 1.671511195225393,
  "Fold 2": 1.6516073443210924,
  "Fold 3": 2.3089052366620804,
  "Fold 4": 2.3266562457244953,
  "Fold 5": 2.011191893770102,
  "Overall": 1.9933997675600497
}