{
  "Fold 1": 0.7231036731145404,
  "Fold 2": 0.7612231620039037,
  "Fold 3": 0.7771136709410997,
  "Fold 4": 0.7983862053719464,
  "Fold 5": 0.7503592351055599,
  "Overall": 0.7629849114366937
}