{
  "Fold 1": 0.751131221719457,
  "Fold 2": 0.7380454664227856,
  "Fold 3": 0.7093782654127483,
  "Fold 4": 0.7012083004990806,
  "Fold 5": 0.7055206698063842,
  "Overall": 0.7197778704765877
}