{
  "Fold 1": 0.7341952165481577,
  "Fold 2": 0.7085184217402665,
  "Fold 3": 0.7002351097178684,
  "Fold 4": 0.7177567638560546,
  "Fold 5": 0.6877289377289377,
  "Overall": 0.7066847429346126
}