{
  "Fold 1": 0.7294117647058823,
  "Fold 2": 0.6864384635484713,
  "Fold 3": 0.7021943573667712,
  "Fold 4": 0.7248489624376148,
  "Fold 5": 0.6866823652537938,
  "Overall": 0.7064761706121597
}