{
  "Fold 1": 0.7147186147186148,
  "Fold 2": 0.7667031763417306,
  "Fold 3": 0.7563725490196077,
  "Fold 4": 0.7838169642857143,
  "Fold 5": 0.6894753991528185,
  "Overall": 0.7413525924761879
}