{
  "Fold 1": 2.2122390656901807,
  "Fold 2": 2.2552731795964096,
  "Fold 3": 1.738561018393632,
  "Fold 4": 2.2380803873260335,
  "Fold 5": 2.1001858232598845,
  "Overall": 2.108985898472905
}