{
  "Fold 1": 0.7661640684896499,
  "Fold 2": 0.7318672839506173,
  "Fold 3": 0.7262969588550984,
  "Fold 4": 0.6709104938271605,
  "Fold 5": 0.740537084398977,
  "Overall": 0.7236848834473799
}