{
  "Fold 1": 2.123513533957809,
  "Fold 2": 2.3795775297555486,
  "Fold 3": 1.7878959639537106,
  "Fold 4": 2.282857254897282,
  "Fold 5": 2.0522134512725376,
  "Overall": 2.1252096083965903
}