{
  "Fold 1": 2.2073927600598395,
  "Fold 2": 2.332532088014413,
  "Fold 3": 1.8167148978028909,
  "Fold 4": 2.3823281407612478,
  "Fold 5": 2.164193670390158,
  "Overall": 2.1806628598630775
}