{
  "Fold 1": 0.7290442116023512,
  "Fold 2": 0.7000385802469136,
  "Fold 3": 0.7170329670329669,
  "Fold 4": 0.6732253086419753,
  "Fold 5": 0.7511508951406649,
  "Overall": 0.7131726451665694
}