{
  "Fold 1": 0.8050640060240963,
  "Fold 2": 0.8362995921394141,
  "Fold 3": 0.7897482837528604,
  "Fold 4": 0.7884129759129759,
  "Fold 5": 0.7736574074074074,
  "Overall": 0.7974047390747948
}