{
  "Fold 1": 0.7400565094544664,
  "Fold 2": 0.7855129039253959,
  "Fold 3": 0.7898282981960444,
  "Fold 4": 0.7935227147120593,
  "Fold 5": 0.8068973140267492,
  "Overall": 0.7859173409140607
}