{
  "Fold 1": 0.764705882352941,
  "Fold 2": 0.7698809523809523,
  "Fold 3": 0.6938534278959809,
  "Fold 4": 0.7023275047258979,
  "Fold 5": 0.7136829415310428,
  "Overall": 0.7262070698450627
}