{
  "Fold 1": 0.7155785391079509,
  "Fold 2": 0.6981970211654038,
  "Fold 3": 0.7435997910135841,
  "Fold 4": 0.6360651431573418,
  "Fold 5": 0.6896912611198326,
  "Overall": 0.6966419856085098
}