{
  "Fold 1": 0.752258064516129,
  "Fold 2": 0.7685668862139451,
  "Fold 3": 0.7652353068748644,
  "Fold 4": 0.7457589285714287,
  "Fold 5": 0.736396220267188,
  "Overall": 0.7486606326169714
}