{
  "Fold 1": 0.7405822935234699,
  "Fold 2": 0.7576190476190475,
  "Fold 3": 0.667612293144208,
  "Fold 4": 0.6767485822306238,
  "Fold 5": 0.7011452682338758,
  "Overall": 0.7078805636153307
}