{
  "Fold 1": 2.190780965702338,
  "Fold 2": 2.341766282012285,
  "Fold 3": 1.7968694997023469,
  "Fold 4": 2.365009229494838,
  "Fold 5": 2.0995661913086177,
  "Overall": 2.1588349433838774
}