{
  "Fold 1": 0.7592394533571004,
  "Fold 2": 0.7664880952380952,
  "Fold 3": 0.6800827423167849,
  "Fold 4": 0.6946479206049149,
  "Fold 5": 0.7345388788426763,
  "Overall": 0.7248037207714627
}