{
  "Fold 1": 2.201499196866281,
  "Fold 2": 2.3882667617980524,
  "Fold 3": 1.8234106540299708,
  "Fold 4": 2.321143405420233,
  "Fold 5": 2.0307222025014946,
  "Overall": 2.153063798863781
}