{
  "Fold 1": 0.7626602912410345,
  "Fold 2": 0.7576447625243982,
  "Fold 3": 0.7953705716148664,
  "Fold 4": 0.8246932684867913,
  "Fold 5": 0.8011495523377915,
  "Overall": 0.788712005248196
}