{
  "Fold 1": 0.7813833225597931,
  "Fold 2": 0.7406584792265483,
  "Fold 3": 0.8149164054336469,
  "Fold 4": 0.7434988179669032,
  "Fold 5": 0.7158555729984302,
  "Overall": 0.7600114714777348
}