{
  "Fold 1": 2.1940196411816117,
  "Fold 2": 2.3737884365016995,
  "Fold 3": 1.794739292554415,
  "Fold 4": 2.319144970499896,
  "Fold 5": 2.089578405790925,
  "Overall": 2.154299543702828
}