{
  "Fold 1": 2.2061636205767687,
  "Fold 2": 2.3412324932371242,
  "Fold 3": 1.8190851649485396,
  "Fold 4": 2.2106645826539695,
  "Fold 5": 2.068086673172222,
  "Overall": 2.1291345401524953
}